ID,Title,Price,Location,Rating,Bedrooms,Bathrooms,Guests,URL,Created At
60,Loft in Richmond,274.00,Loft in Richmond,0.00,0,0,0,https://www.airbnb.com/rooms/30719772,2026-02-19 08:22:18
59,Apartment in Melbourne,226.00,Apartment in Melbourne,0.00,0,0,0,https://www.airbnb.com/rooms/1060320537528360843,2026-02-19 08:22:18
56,Aparthotel in Kita,100.00,Aparthotel in Kita,0.00,0,0,0,https://www.airbnb.com/rooms/45318909,2026-02-19 08:22:18
55,Condo in Kita,180.00,Condo in Kita,0.00,0,0,0,https://www.airbnb.com/rooms/1422033611161069706,2026-02-19 08:22:18
52,Place to stay in Seoul,68.00,Place to stay in Seoul,0.00,0,0,0,https://www.airbnb.com/rooms/1518134256400623056,2026-02-19 08:22:18
48,Place to stay in Khlong San,47.00,Place to stay in Khlong San,0.00,0,0,0,https://www.airbnb.com/rooms/1578865317031977392,2026-02-19 08:22:18
44,Place to stay in Kuala Lumpur,76.00,Place to stay in Kuala Lumpur,0.00,0,0,0,https://www.airbnb.com/rooms/1436033631734042885,2026-02-19 08:22:18
38,Hostel in Sumida-ku,92.00,Kinshicho Station is nearby | Comes with an auto-lock | Fully private room with a shower,0.00,0,0,0,https://www.airbnb.com/rooms/615835129527021863,2026-02-19 06:43:40
37,Apartment in Shinjuku,198.00,Shinjuku Okubo Apartment 305,0.00,0,0,0,https://www.airbnb.com/rooms/1444218962224130854,2026-02-19 06:43:40
34,Hotel in Seoul,120.00,Hotel in Seoul,0.00,0,0,0,https://www.airbnb.com/rooms/1580450252700188793,2026-02-19 06:43:40
31,Apartment in Khet Khlong Toei,199.00,Apartment in Khet Khlong Toei,0.00,0,0,0,https://www.airbnb.com/rooms/783817312247334259,2026-02-19 06:43:40
28,Apartment in Kuala Lumpur,153.00,Apartment in Kuala Lumpur,0.00,0,0,0,https://www.airbnb.com/rooms/769454552597427567,2026-02-19 06:43:40
25,Place to stay in Southbank,177.00,"Resort style getaway, in the heart of Southbank",0.00,0,0,0,https://www.airbnb.com/rooms/1556389356944298479,2026-02-19 06:24:51
24,Room in North Melbourne,125.00,Spacious Bedroom with Private Bathroom,4.88,0,0,0,https://www.airbnb.com/rooms/1054046558558260953,2026-02-19 06:24:51
23,Place to stay in Melbourne,158.00,Cosy Room in Quirky Central Apartment,0.00,0,0,0,https://www.airbnb.com/rooms/1517823942838116485,2026-02-19 06:24:51
22,Room in Coburg,88.00,Room in Coburg,4.94,0,0,0,https://www.airbnb.com/rooms/13103304,2026-02-19 06:24:51
21,Apartment in St Kilda,136.00,Apartment in St Kilda,0.00,0,0,0,https://www.airbnb.com/rooms/17224262,2026-02-19 06:24:51
20,Apartment in Shinagawa-ku,154.00,"From OHAYO Koyamadai, 9 minutes to Musashi Koyama Station, maximum 2 people",0.00,0,0,0,https://www.airbnb.com/rooms/1586043462819330762,2026-02-19 06:24:51
19,Apartment in Shibuya,202.00,10 minutes walk from Shibuya Station! HOYO STAY Shibuya 15PC Desk + wifi Business/Sightseeing,0.00,0,0,0,https://www.airbnb.com/rooms/1545309884516828442,2026-02-19 06:24:51
18,Apartment in Nakano City,158.00,Apartment in Nakano City,0.00,0,0,0,https://www.airbnb.com/rooms/1368852879726685770,2026-02-19 06:24:51
17,Apartment in Shibuya,186.00,Apartment in Shibuya,0.00,0,0,0,https://www.airbnb.com/rooms/1532966789201148753,2026-02-19 06:24:51
16,Apartment in Sumida-ku,163.00,NEW! GreenSea 501｜3 min from Oshiage Station|25㎡,0.00,0,0,0,https://www.airbnb.com/rooms/964273970585192462,2026-02-19 06:24:51
15,Apartment in Seoul,56.00,"3-minute walk from Nakseongdae Station, Station Area Accommodation 002",0.00,0,0,0,https://www.airbnb.com/rooms/1323608479580727925,2026-02-19 06:24:51
14,"Room in Donggyo-dong, Mapo-gu",64.00,[Double Room]DAOL@3min to Hongik Univ Station,4.73,0,0,0,https://www.airbnb.com/rooms/30390198,2026-02-19 06:24:51
13,Guesthouse in Seoul,76.00,304 Dongdaemun The BAO: Cozy private bedroom & private bathroom (downtown station area),0.00,0,0,0,https://www.airbnb.com/rooms/1457249423533314519,2026-02-19 06:24:51
12,Home in Mapo-gu,72.00,Home in Mapo-gu,0.00,0,0,0,https://www.airbnb.com/rooms/42366099,2026-02-19 06:24:51
11,Room in Seoul,64.00,Room in Seoul,4.93,0,0,0,https://www.airbnb.com/rooms/955744892195764611,2026-02-19 06:24:51
10,Apartment in Ratchathewi,68.00,Storybook Royal | City Center | SkyTrain,0.00,0,0,0,https://www.airbnb.com/rooms/1405051551170632061,2026-02-19 06:24:51
9,Apartment in Bangkok,55.00,4/5 - Sunlit Deluxe Studio with Queen bed & A/C,0.00,0,0,0,https://www.airbnb.com/rooms/18011265,2026-02-19 06:24:51
8,Place to stay in Bang Na,44.00,So happy house,0.00,0,0,0,https://www.airbnb.com/rooms/1556223820440529314,2026-02-19 06:24:51
7,Apartment in Khet Suan Luang,80.00,Apartment in Khet Suan Luang,0.00,0,0,0,https://www.airbnb.com/rooms/1094739969933754698,2026-02-19 06:24:51
6,Room in Khet Huai Khwang,41.00,Room in Khet Huai Khwang,4.96,0,0,0,https://www.airbnb.com/rooms/1245878818590732072,2026-02-19 06:24:51
5,Condo in Bukit Bintang,69.00,The Infinitum KLCC 5 with City View,0.00,0,0,0,https://www.airbnb.com/rooms/895985071564330143,2026-02-19 06:24:51
4,Apartment in Bukit Bintang,71.00,Ceylonz Suites 33A (A) high floor City View,0.00,0,0,0,https://www.airbnb.com/rooms/635481064627920753,2026-02-19 06:24:51
3,Apartment in Kuala Lumpur,122.00,Designer - KLCC Infinity Pool | LRT | Mall Walk,0.00,0,0,0,https://www.airbnb.com/rooms/1542784897437294239,2026-02-19 06:24:51
2,Condo in Bukit Bintang,71.00,Condo in Bukit Bintang,0.00,0,0,0,https://www.airbnb.com/rooms/1005022077370914380,2026-02-19 06:24:51
1,Condo in PULAPOL,118.00,Condo in PULAPOL,0.00,0,0,0,https://www.airbnb.com/rooms/30302225,2026-02-19 06:24:51
